{"cameraMode":{"drawMode":0,"name":"Shaded","section":"Shading Mode"},"sceneLighting":false,"audioPlay":false,"sceneViewState":{"showFog":true,"showMaterialUpdate":true,"showSkybox":true,"showFlares":true,"showImageEffects":true,"showParticleSystems":true},"in2DMode":false,"pivot":{"x":-2.418898582458496,"y":1.2811554670333863,"z":-4.690826416015625},"rotation":{"x":0.17000198364257813,"y":0.45863211154937746,"z":-0.0898706391453743,"w":0.8675708770751953},"size":2.8578836917877199,"orthographic":false}